Ciudad,Nombre,Latitud,Longitud
Río Grande,Comisaría Primera,-53.7861167,-67.7030976
Río Grande,Comisaría Segunda,-53.7920361,-67.7208994
Río Grande,Comisaría Tercera,-53.7695004,-67.7273625
Río Grande,Comisaría Cuarta — ubicación documental 2021,-53.8026975,-67.6650583
Río Grande,Comisaría Quinta,-53.8020978,-67.7538777
Río Grande,Comisaría de Género y Familia,-53.7950986,-67.7252179
Tolhuin,Comisaría Tolhuin,-54.5117301,-67.1961215
Tolhuin,Comisaría de Género y Familia,-54.5060194,-67.2011994
Ushuaia,Comisaría Primera,-54.8035661,-68.3146294
Ushuaia,Comisaría Segunda,-54.8174216,-68.3353046
Ushuaia,Comisaría Cuarta,-54.830547,-68.3567312
Ushuaia,Comisaría Quinta,-54.78695,-68.27268
Ushuaia,Comisaría de Género y Familia N.º 2,-54.7912559,-68.2637382
Ushuaia,Comisaría de Género y Familia N.º 1,-54.8056929,-68.3053641
Ushuaia,Comisaría Tercera — pendiente de verificación,,
